KMeans_Cluster,Annual Income (k$),Spending Score (1-100)
0,55.2962962962963,49.51851851851852
1,86.53846153846153,82.12820512820512
2,25.727272727272727,79.36363636363636
3,88.2,17.114285714285714
4,26.304347826086957,20.91304347826087
