DBSCAN_Cluster,Annual Income (k$),Spending Score (1-100)
-1,122.75,46.875
0,52.49044585987261,43.10191082802548
1,82.54285714285714,82.8
